Year,Month,Amount
2022,3,107520.90318286845
2022,4,30782447.029895198
2022,5,27848354.096302196
2022,6,24905312.2040543
